"Post_Id";"Post_Title";"Category_Id";"Post_Body";"Post_Date";"Author";"Updated_Date";"Updated_Author";"Deleted_Flag"
1;"Blog title";"";"Blog body";"2019-03-15";"incrediblehulk";"";"";"N"
2;"This is a blog post";"";"Once upon a time I tried to write a blog but it never really worked out.";"2019-03-15";"captainamerica";"";"";"N"
3;"This is a clean blog post";"";"This blog post has language in it that is appropriate for posting";"2019-03-15";"ironman";"";"";"N"
4;"This is probably the best post ever";"";"Somehow I doubt it";"2019-03-16";"captainamerica";"";"";"N"
5;"Super post";"";"another one";"2019-03-16";"wonderwoman";"";"";"N"
7;"If I have to post one more time";"";"Look at all these posts";"2019-03-16";"captainamerica";"";"";"N"
8;"Powerful stuff man";"";"Keep up the good work";"2019-03-16";"ironman";"";"";"N"
9;"Hulk Blog";"";"I know this will get a big hand.";"2019-03-16";"incrediblehulk";"";"";"N"
10;"Smashing post";"";"These hulk puns are great";"2019-03-16";"incrediblehulk";"";"";"N"
11;"Aye Aye Captain";"";"This one if for America";"2019-03-16";"captainamerica";"";"";"N"
12;"The post to end all posts";"";"I am going to make this work no matter what";"2019-03-16";"captainamerica";"";"";"N"
13;"I wonder what invisible looks like";"";"Stupid thing to say";"2019-03-16";"wonderwoman";"";"";"N"
14;"dinowg";"";"oiwenrboerw";"2019-03-16";"wonderwoman";"";"";"N"
15;"webewb";"";"webewebe";"2019-03-16";"wonderwoman";"";"";"N"
16;"I need to stop posting dumb stuff";"";"I will post something real now to see what happens";"2019-03-16";"wonderwoman";"";"";"N"
17;"Green Post";"";"This post will be so green, it is not even funny";"2019-03-16";"incrediblehulk";"";"";"N"
18;"Correct punctuation post";"";"This post will have proper punctuation and will pass";"2019-03-16";"incrediblehulk";"";"";"N"
19;"I'd say this isn't the weirdest thing";"";"I'd hope this works";"2019-03-16";"ironman";"";"";"N"
20;"I can post all day long";"";"This is great";"2019-03-16";"ironman";"";"";"N"
21;"Blog post title";"";"This is where the body of the blog post goes with cussing";"2019-03-16";"ironman";"";"";"N"
